abra, abre, abri, abro, abru, abras, abres, abris, abros, abrus, abran, abren, abrin, abron, abrun, abral, abrel, abril, abrol, abrul, abram, abrem, abrim, abrom
mada, made, madi, mado, madu, madas, mades, madis, mados, madus, madan, maden, madin, madon, madun, madal, madel, madil, madol, madul, madax, madex, madix, madox
badar, bader, badir, bador, badur, badas, bades, badis, bados, badus, badan, baden, badin, badon, badun, badal, badel, badil, badol, badul, badax, badex, badix, badox
cadalan, cadalen, cadalin, cadalon, cadalun, cadalas, cadales, cadalis, cadalos, cadalus, cadalap, cadalep, cadalip, cadalop, cadalup, cadalar, cadaler, cadalir, cadalor, cadalur, cadalax, cadalex, cadalix, cadalox
pasa, pase, pasi, paso, pasu, pasan, pasen, pasin, pason, pasun, pasas, pases, pasis, pasos, pasus, pasal, pasel, pasil, pasol, pasul, pasar, paser, pasir, pasor
adam, adem, adim, adom, adum, adas, ades, adis, ados, adus, adan, aden, adin, adon, adun, adar, ader, adir, ador, adur, adal, adel, adil, adol
lora, lore, lori, loro, loru, loraff, loreff, loriff, loroff, loruff, loras, lores, loris, loros, lorus, loran, loren, lorin, loron, lorun, lorat, loret, lorit, lorot
masara, masare, masari, masaro, masaru, masarat, masaret, masarit, masarot, masarut, masaran, masaren, masarin, masaron, masarun, masaras, masares, masaris, masaros, masarus, masaral, masarel, masaril, masarol
dama, dame, dami, damo, damu, damal, damel, damil, damol, damul, daman, damen, damin, damon, damun, damas, dames, damis, damos, damus, damar, damer, damir, damor
boda, bode, bodi, bodo, bodu, bodal, bodel, bodil, bodol, bodul, bodar, boder, bodir, bodor, bodur, bodan, boden, bodin, bodon, bodun, bodas, bodes, bodis, bodos
oma, ome, omi, omo, omu, omas, omes, omis, omos, omus, oman, omen, omin, omon, omun, omar, omer, omir, omor, omur, omal, omel, omil, omol
droma, drome, dromi, dromo, dromu, dromas, dromes, dromis, dromos, dromus, droman, dromen, dromin, dromon, dromun, dromat, dromet, dromit, dromot, dromut, dromal, dromel, dromil, dromol
dra, dre, dri, dro, dru, dran, dren, drin, dron, drun, dral, drel, dril, drol, drul, dras, dres, dris, dros, drus, drat, dret, drit, drot
vara, vare, vari, varo, varu, varan, varen, varin, varon, varun, varal, varel, varil, varol, varul, varas, vares, varis, varos, varus, varax, varex, varix, varox
mastra, mastre, mastri, mastro, mastru, mastran, mastren, mastrin, mastron, mastrun, mastral, mastrel, mastril, mastrol, mastrul, mastras, mastres, mastris, mastros, mastrus, mastraff, mastreff, mastriff, mastroff
pha, phe, phi, pho, phu, phan, phen, phin, phon, phun, phal, phel, phil, phol, phul, phas, phes, phis, phos, phus, phar, pher, phir, phor
lara, lare, lari, laro, laru, laran, laren, larin, laron, larun, laras, lares, laris, laros, larus, larat, laret, larit, larot, larut, laral, larel, laril, larol
meda, mede, medi, medo, medu, medar, meder, medir, medor, medur, medal, medel, medil, medol, medul, medas, medes, medis, medos, medus, medan, meden, medin, medon
rassa, rasse, rassi, rasso, rassu, rassan, rassen, rassin, rasson, rassun, rassal, rassel, rassil, rassol, rassul, rassat, rasset, rassit, rassot, rassut, rassar, rasser, rassir, rassor
madeba, madebe, madebi, madebo, madebu, madebar, madeber, madebir, madebor, madebur, madebal, madebel, madebil, madebol, madebul, madebas, madebes, madebis, madebos, madebus, madeban, madeben, madebin, madebon
thara, thare, thari, tharo, tharu, tharal, tharel, tharil, tharol, tharul, tharan, tharen, tharin, tharon, tharun, tharas, thares, tharis, tharos, tharus, tharat, tharet, tharit, tharot
mesa, mese, mesi, meso, mesu, mesal, mesel, mesil, mesol, mesul, mesar, meser, mesir, mesor, mesur, mesan, mesen, mesin, meson, mesun, mesas, meses, mesis, mesos
baia, baie, baii, baio, baiu, baias, baies, baiis, baios, baius, baial, baiel, baiil, baiol, baiul, baian, baien, baiin, baion, baiun, baiat, baiet, baiit, baiot
phosa, phose, phosi, phoso, phosu, phosan, phosen, phosin, phoson, phosun, phosar, phoser, phosir, phosor, phosur, phosal, phosel, phosil, phosol, phosul, phosat, phoset, phosit, phosot
gala, gale, gali, galo, galu, galan, galen, galin, galon, galun, galar, galer, galir, galor, galur, galas, gales, galis, galos, galus, galax, galex, galix, galox
prosa, prose, prosi, proso, prosu, prosal, prosel, prosil, prosol, prosul, prosan, prosen, prosin, proson, prosun, prosar, proser, prosir, prosor, prosur, prosat, proset, prosit, prosot
fana, fane, fani, fano, fanu, fanat, fanet, fanit, fanot, fanut, fanas, fanes, fanis, fanos, fanus, fanar, faner, fanir, fanor, fanur, fanax, fanex, fanix, fanox
lemora, lemore, lemori, lemoro, lemoru, lemoras, lemores, lemoris, lemoros, lemorus, lemorax, lemorex, lemorix, lemorox, lemorux, lemoran, lemoren, lemorin, lemoron, lemorun, lemorat, lemoret, lemorit, lemorot
aras, ares, aris, aros, arus, arosa, arose, arosi, aroso, arosu, arosal, arosel, arosil, arosol, arosul, arosar, aroser, arosir, arosor, arosur, arosat, aroset, arosit, arosot
cabar, caber, cabir, cabor, cabur, cabad, cabed, cabid, cabod, cabud, cabal, cabel, cabil, cabol, cabul, cabas, cabes, cabis, cabos, cabus, caba, cabe, cabi, cabo
nesa, nese, nesi, neso, nesu, nesar, neser, nesir, nesor, nesur, nesal, nesel, nesil, nesol, nesul, nesan, nesen, nesin, neson, nesun, nesay, nesey, nesiy, nesoy
hama, hame, hami, hamo, hamu, hamal, hamel, hamil, hamol, hamul, hamas, hames, hamis, hamos, hamus, hamar, hamer, hamir, hamor, hamur, hamat, hamet, hamit, hamot
helia, helie, helii, helio, heliu, heliat, heliet, heliit, heliot, heliut, helias, helies, heliis, helios, helius, helial, heliel, heliil, heliol, heliul, helian, helien, heliin, helion
rhama, rhame, rhami, rhamo, rhamu, rhaman, rhamen, rhamin, rhamon, rhamun, rhamal, rhamel, rhamil, rhamol, rhamul, rhamas, rhames, rhamis, rhamos, rhamus, rhamat, rhamet, rhamit, rhamot
fesia, fesie, fesii, fesio, fesiu, fesial, fesiel, fesiil, fesiol, fesiul, fesian, fesien, fesiin, fesion, fesiun, fesiar, fesier, fesiir, fesior, fesiur, fesias, fesies, fesiis, fesios
dora, dore, dori, doro, doru, doral, dorel, doril, dorol, dorul, doras, dores, doris, doros, dorus, doran, doren, dorin, doron, dorun, dorax, dorex, dorix, dorox
huba, hube, hubi, hubo, hubu, hubal, hubel, hubil, hubol, hubul, hubas, hubes, hubis, hubos, hubus, hubar, huber, hubir, hubor, hubur, huban, huben, hubin, hubon
rodan, roden, rodin, rodon, rodun, roda, rode, rodi, rodo, rodu, rodas, rodes, rodis, rodos, rodus, rodax, rodex, rodix, rodox, rodux, rodal, rodel, rodil, rodol
medra, medre, medri, medro, medru, medrax, medrex, medrix, medrox, medrux, medral, medrel, medril, medrol, medrul, medras, medres, medris, medros, medrus, medran, medren, medrin, medron
ophiran, ophiren, ophirin, ophiron, ophirun, ophira, ophire, ophiri, ophiro, ophiru, ophiras, ophires, ophiris, ophiros, ophirus, ophiral, ophirel, ophiril, ophirol, ophirul, ophirax, ophirex, ophirix, ophirox
darach, darech, darich, daroch, daruch, derach, derech, derich, deroch, deruch, dirach, direch, dirich, diroch, diruch, dorach, dorech, dorich, doroch, doruch, durach, durech, durich, duroch
vana, vane, vani, vano, vanu, vanal, vanel, vanil, vanol, vanul, vanay, vaney, vaniy, vanoy, vanuy, vanar, vaner, vanir, vanor, vanur, vanas, vanes, vanis, vanos
comar, comer, comir, comor, comur, coman, comen, comin, comon, comun, comal, comel, comil, comol, comul, comas, comes, comis, comos, comus, comax, comex, comix, comox
hasacha, hasache, hasachi, hasacho, hasachu, hasachar, hasacher, hasachir, hasachor, hasachur, hasachal, hasachel, hasachil, hasachol, hasachul, hasachan, hasachen, hasachin, hasachon, hasachun, hasachay, hasachey, hasachiy, hasachoy
allac, allec, allic, alloc, alluc, allat, allet, allit, allot, allut, alla, alle, alli, allo, allu, allax, allex, allix, allox, allux, allan, allen, allin, allon
pana, pane, pani, pano, panu, panas, panes, panis, panos, panus, panar, paner, panir, panor, panur, panax, panex, panix, panox, panux, panal, panel, panil, panol
meda, mede, medi, medo, medu, medar, meder, medir, medor, medur, medas, medes, medis, medos, medus, medal, medel, medil, medol, medul, medan, meden, medin, medon
iobas, iobes, iobis, iobos, iobus, ioba, iobe, iobi, iobo, iobu, iobar, iober, iobir, iobor, iobur, ioban, ioben, iobin, iobon, iobun, iobat, iobet, iobit, iobot
rama, rame, rami, ramo, ramu, ramal, ramel, ramil, ramol, ramul, ramas, rames, ramis, ramos, ramus, ramax, ramex, ramix, ramox, ramux, ramai, ramei, ramii, ramoi
pada, pade, padi, pado, padu, padal, padel, padil, padol, padul, padas, pades, padis, pados, padus, padan, paden, padin, padon, padun, padar, pader, padir, pador
gera, gere, geri, gero, geru, geral, gerel, geril, gerol, gerul, geras, geres, geris, geros, gerus, gerar, gerer, gerir, geror, gerur, gerai, gerei, gerii, geroi
moda, mode, modi, modo, modu, modal, model, modil, modol, modul, modas, modes, modis, modos, modus, modan, moden, modin, modon, modun, modax, modex, modix, modox
ascha, asche, aschi, ascho, aschu, aschar, ascher, aschir, aschor, aschur, aschal, aschel, aschil, aschol, aschul, aschra, aschre, aschri, aschro, aschru, aschran, aschren, aschrin, aschron
vasma, vasme, vasmi, vasmo, vasmu, vasmai, vasmei, vasmii, vasmoi, vasmui, vasmar, vasmer, vasmir, vasmor, vasmur, vasmal, vasmel, vasmil, vasmol, vasmul, vasman, vasmen, vasmin, vasmon
dolan, dolen, dolin, dolon, dolun, dolar, doler, dolir, dolor, dolur, dolat, dolet, dolit, dolot, dolut, dolax, dolex, dolix, dolox, dolux, dolaf, dolef, dolif, dolof
merapa, merape, merapi, merapo, merapu, merapan, merapen, merapin, merapon, merapun, merapas, merapes, merapis, merapos, merapus, merapat, merapet, merapit, merapot, meraput, merapar, meraper, merapir, merapor
fanera, fanere, faneri, fanero, faneru, faneral, fanerel, faneril, fanerol, fanerul, faneras, faneres, faneris, faneros, fanerus, faneran, faneren, fanerin, faneron, fanerun, fanerat, faneret, fanerit, fanerot
adra, adre, adri, adro, adru, adral, adrel, adril, adrol, adrul, adran, adren, adrin, adron, adrun, adras, adres, adris, adros, adrus, adrax, adrex, adrix, adrox
pesa, pese, pesi, peso, pesu, pesan, pesen, pesin, peson, pesun, pesal, pesel, pesil, pesol, pesul, pesar, peser, pesir, pesor, pesur, pesas, peses, pesis, pesos
mezana, mezane, mezani, mezano, mezanu, mezanas, mezanes, mezanis, mezanos, mezanus, mezanat, mezanet, mezanit, mezanot, mezanut, mezanan, mezanen, mezanin, mezanon, mezanun, mezanar, mezaner, mezanir, mezanor
gomar, gomer, gomir, gomor, gomur, goman, gomen, gomin, gomon, gomun, gomal, gomel, gomil, gomol, gomul, gomas, gomes, gomis, gomos, gomus, gomay, gomey, gomiy, gomoy
tharsa, tharse, tharsi, tharso, tharsu, tharsal, tharsel, tharsil, tharsol, tharsul, tharsat, tharset, tharsit, tharsot, tharsut, tharsan, tharsen, tharsin, tharson, tharsun, tharsay, tharsey, tharsiy, tharsoy
fodral, fodrel, fodril, fodrol, fodrul, fodra, fodre, fodri, fodro, fodru, fodras, fodres, fodris, fodros, fodrus, fodran, fodren, fodrin, fodron, fodrun, fodray, fodrey, fodriy, fodroy
meroham, merohem, merohim, merohom, merohum, meroha, merohe, merohi, meroho, merohu, merohal, merohel, merohil, merohol, merohul, merohas, merohes, merohis, merohos, merohus, merohat, merohet, merohit, merohot
cama, came, cami, camo, camu, camal, camel, camil, camol, camul, camas, cames, camis, camos, camus, camar, camer, camir, camor, camur, caman, camen, camin, camon
sebara, sebare, sebari, sebaro, sebaru, sebaras, sebares, sebaris, sebaros, sebarus, sebaran, sebaren, sebarin, sebaron, sebarun, sebaral, sebarel, sebaril, sebarol, sebarul, sebarat, sebaret, sebarit, sebarot
phal, phel, phil, phol, phul, phat, phet, phit, phot, phut, phas, phes, phis, phos, phus, phar, pher, phir, phor, phur, phay, phey, phoy, phuy
nomysa, nomyse, nomysi, nomyso, nomysu, nomysar, nomyser, nomysir, nomysor, nomysur, nomysal, nomysel, nomysil, nomysol, nomysul, nomysas, nomyses, nomysis, nomysos, nomysus, nomysan, nomysen, nomysin, nomyson
zabar, zaber, zabir, zabor, zabur, zabal, zabel, zabil, zabol, zabul, zabas, zabes, zabis, zabos, zabus, zaban, zaben, zabin, zabon, zabun, zabat, zabet, zabit, zabot
nemas, nemes, nemis, nemos, nemus, nemat, nemet, nemit, nemot, nemut, nemal, nemel, nemil, nemol, nemul, nemar, nemer, nemir, nemor, nemur, nema, neme, nemi, nemo
hosan, hosen, hosin, hoson, hosun, hosar, hoser, hosir, hosor, hosur, hosal, hosel, hosil, hosol, hosul, hosay, hosey, hosiy, hosoy, hosuy, hosas, hoses, hosis, hosos
flagara, flagare, flagari, flagaro, flagaru, flagaran, flagaren, flagarin, flagaron, flagarun, flagaras, flagares, flagaris, flagaros, flagarus, flagaral, flagarel, flagaril, flagarol, flagarul, flagarat, flagaret, flagarit, flagarot
bedar, beder, bedir, bedor, bedur, bedan, beden, bedin, bedon, bedun, bedal, bedel, bedil, bedol, bedul, bedas, bedes, bedis, bedos, bedus, bedaf, bedef, bedif, bedof
nysan, nysen, nysin, nyson, nysun, nysar, nyser, nysir, nysor, nysur, nysas, nyses, nysis, nysos, nysus, nysal, nysel, nysil, nysol, nysul, nysat, nyset, nysit, nysot
ramas, rames, ramis, ramos, ramus, ramal, ramel, ramil, ramol, ramul, raman, ramen, ramin, ramon, ramun, ramat, ramet, ramit, ramot, ramut, ramay, ramey, ramoy, ramuy
astrofal, astrofel, astrofil, astrofol, astroful, astrofan, astrofen, astrofin, astrofon, astrofun, astrofas, astrofes, astrofis, astrofos, astrofus, astrofax, astrofex, astrofix, astrofox, astrofux, astrofar, astrofer, astrofir, astrofor
guara, guare, guari, guaro, guaru, guaras, guares, guaris, guaros, guarus, guaral, guarel, guaril, guarol, guarul, guaran, guaren, guarin, guaron, guarun, guarat, guaret, guarit, guarot
lodan, loden, lodin, lodon, lodun, lodana, lodane, lodani, lodano, lodanu, lodar, loder, lodir, lodor, lodur, lodas, lodes, lodis, lodos, lodus, lodax, lodex, lodix, lodox
hamar, hamer, hamir, hamor, hamur, hamal, hamel, hamil, hamol, hamul, haman, hamen, hamin, hamon, hamun, hamas, hames, hamis, hamos, hamus, hamay, hamey, hamoy, hamuy
charsal, charsel, charsil, charsol, charsul, charsa, charse, charsi, charso, charsu, charsan, charsen, charsin, charson, charsun, charsat, charset, charsit, charsot, charsut, charsay, charsey, charsoy, charsuy
planas, planes, planis, planos, planus, planat, planet, planit, planot, planut, planar, planer, planir, planor, planur, planan, planen, planin, planon, planun, planay, planey, planoy, planuy
merafa, merafe, merafi, merafo, merafu, merafas, merafes, merafis, merafos, merafus, merafal, merafel, merafil, merafol, meraful, merafat, merafet, merafit, merafot, merafut, merafar, merafer, merafir, merafor
harmal, harmel, harmil, harmol, harmul, harman, harmen, harmin, harmon, harmun, harmat, harmet, harmit, harmot, harmut, harmas, harmes, harmis, harmos, harmus, harmay, harmey, harmoy, harmuy
pharam, pharem, pharim, pharom, pharum, pharal, pharel, pharil, pharol, pharul, pharas, phares, pharis, pharos, pharus, pharax, pharex, pharix, pharox, pharux, pharar, pharer, pharir, pharor
merapas, merapes, merapis, merapos, merapus, merapan, merapen, merapin, merapon, merapun, merapat, merapet, merapit, merapot, meraput, merapal, merapel, merapil, merapol, merapul, merapax, merapex, merapix, merapox
holam, holem, holim, holom, holum, holas, holes, holis, holos, holus, hola, hole, holi, holo, holu, holat, holet, holit, holot, holut, holay, holey, holoy, holuy
derman, dermen, dermin, dermon, dermun, dermas, dermes, dermis, dermos, dermus, dermal, dermel, dermil, dermol, dermul, derma, derme, dermi, dermo, dermu, dermat, dermet, dermit, dermot
solama, solame, solami, solamo, solamu, solamar, solamer, solamir, solamor, solamur, solamas, solames, solamis, solamos, solamus, solaman, solamen, solamin, solamon, solamun, solamat, solamet, solamit, solamot
afar, afer, afir, afor, afur, afara, afare, afari, afaro, afaru, afaral, afarel, afaril, afarol, afarul, afaras, afares, afaris, afaros, afarus, afarat, afaret, afarit, afarot
mesan, mesen, mesin, meson, mesun, mesal, mesel, mesil, mesol, mesul, mesar, meser, mesir, mesor, mesur, mesas, meses, mesis, mesos, mesus, mesay, mesey, mesoy, mesuy
omena, omene, omeni, omeno, omenu, omenas, omenes, omenis, omenos, omenus, omenar, omener, omenir, omenor, omenur, omenat, omenet, omenit, omenot, omenut, omenal, omenel, omenil, omenol
perodas, perodes, perodis, perodos, perodus, peroda, perode, perodi, perodo, perodu, perodan, peroden, perodin, perodon, perodun, perodal, perodel, perodil, perodol, perodul, perodax, perodex, perodix, perodox
baran, baren, barin, baron, barun, baras, bares, baris, baros, barus, baral, barel, baril, barol, barul, bara, bare, bari, baro, baru, barax, barex, barix, barox
charas, chares, charis, charos, charus, charal, charel, charil, charol, charul, charat, charet, charit, charot, charut, chara, chare, chari, charo, charu, charan, charen, charin, charon
mosal, mosel, mosil, mosol, mosul, mosa, mose, mosi, moso, mosu, mosar, moser, mosir, mosor, mosur, mosan, mosen, mosin, moson, mosun, mosas, moses, mosis, mosos
nedria, nedrie, nedrii, nedrio, nedriu, nedrias, nedries, nedriis, nedrios, nedrius, nedrian, nedrien, nedriin, nedrion, nedriun, nedrial, nedriel, nedriil, nedriol, nedriul, nedriax, nedriex, nedriix, nedriox
meda, mede, medi, medo, medu, medas, medes, medis, medos, medus, medar, meder, medir, medor, medur, medal, medel, medil, medol, medul, medan, meden, medin, medon
cadas, cades, cadis, cados, cadus, cada, cade, cadi, cado, cadu, cadan, caden, cadin, cadon, cadun, cadar, cader, cadir, cador, cadur, cadal, cadel, cadil, cadol
lorasan, lorasen, lorasin, lorason, lorasun, lorasas, lorases, lorasis, lorasos, lorasus, lorasat, loraset, lorasit, lorasot, lorasut, lorasa, lorase, lorasi, loraso, lorasu, lorasal, lorasel, lorasil, lorasol
halmoda, halmode, halmodi, halmodo, halmodu, halmodal, halmodel, halmodil, halmodol, halmodul, halmodan, halmoden, halmodin, halmodon, halmodun, halmodar, halmoder, halmodir, halmodor, halmodur, halmodas, halmodes, halmodis, halmodos
elamas, elames, elamis, elamos, elamus, elama, elame, elami, elamo, elamu, elamar, elamer, elamir, elamor, elamur, elamat, elamet, elamit, elamot, elamut, elaman, elamen, elamin, elamon
dra, dre, dri, dro, dru, dran, dren, drin, dron, drun, dras, dres, dris, dros, drus, dray, drey, driy, droy, druy, drat, dret, drit, drot
cabala, cabale, cabali, cabalo, cabalu, cabalas, cabales, cabalis, cabalos, cabalus, cabalan, cabalen, cabalin, cabalon, cabalun, cabalar, cabaler, cabalir, cabalor, cabalur, cabalai, cabalei, cabalii, cabaloi
poderas, poderes, poderis, poderos, poderus, podera, podere, poderi, podero, poderu, poderal, poderel, poderil, poderol, poderul, poderan, poderen, poderin, poderon, poderun, poderat, poderet, poderit, poderot
husal, husel, husil, husol, husul, husan, husen, husin, huson, husun, husa, huse, husi, huso, husu, husar, huser, husir, husor, husur, husai, husei, husii, husoi
mera, mere, meri, mero, meru, meras, meres, meris, meros, merus, meral, merel, meril, merol, merul, meran, meren, merin, meron, merun, merai, merei, merii, meroi
doras, dores, doris, doros, dorus, dora, dore, dori, doro, doru, doran, doren, dorin, doron, dorun, doral, dorel, doril, dorol, dorul, dorax, dorex, dorix, dorox
adrama, adrame, adrami, adramo, adramu, adramas, adrames, adramis, adramos, adramus, adramal, adramel, adramil, adramol, adramul, adraman, adramen, adramin, adramon, adramun, adramat, adramet, adramit, adramot
dobar, dober, dobir, dobor, dobur, dobal, dobel, dobil, dobol, dobul, doban, doben, dobin, dobon, dobun, dobas, dobes, dobis, dobos, dobus, dobelai, dobelei, dobelii, dobeloi
eloham, elohem, elohim, elohom, elohum, elohas, elohes, elohis, elohos, elohus, elohat, elohet, elohit, elohot, elohut, elohar, eloher, elohir, elohor, elohur, elohaf, elohef, elohif, elohof
holam, holem, holim, holom, holum, hola, hole, holi, holo, holu, holas, holes, holis, holos, holus, holan, holen, holin, holon, holun, holai, holei, holii, holoi
atropas, atropes, atropis, atropos, atropus, atropa, atrope, atropi, atropo, atropu, atropai, atropei, atropii, atropoi, atropui, atropan, atropen, atropin, atropon, atropun, atropax, atropex, atropix, atropox
megalas, megales, megalis, megalos, megalus, megala, megale, megali, megalo, megalu, megalan, megalen, megalin, megalon, megalun, megalat, megalet, megalit, megalot, megalut, megalar, megaler, megalir, megalor
lusanas, lusanes, lusanis, lusanos, lusanus, lusana, lusane, lusani, lusano, lusanu, lusanar, lusaner, lusanir, lusanor, lusanur, lusanal, lusanel, lusanil, lusanol, lusanul, lusanat, lusanet, lusanit, lusanot
helmat, helmet, helmit, helmot, helmut, helman, helmen, helmin, helmon, helmun, helmas, helmes, helmis, helmos, helmus, helmar, helmer, helmir, helmor, helmur, helmax, helmex, helmix, helmox
thosara, thosare, thosari, thosaro, thosaru, thosaras, thosares, thosaris, thosaros, thosarus, thosaran, thosaren, thosarin, thosaron, thosarun, thosarat, thosaret, thosarit, thosarot, thosarut, thosaral, thosarel, thosaril, thosarol
bemas, bemes, bemis, bemos, bemus, bema, beme, bemi, bemo, bemu, bemal, bemel, bemil, bemol, bemul, bemat, bemet, bemit, bemot, bemut, bemar, bemer, bemir, bemor
dromat, dromet, dromit, dromot, dromut, dromas, dromes, dromis, dromos, dromus, droman, dromen, dromin, dromon, dromun, dromal, dromel, dromil, dromol, dromul, dromay, dromey, dromoy, dromuy
horam, horem, horim, horom, horum, horas, hores, horis, horos, horus, horal, horel, horil, horol, horul, horar, horer, horir, horor, horur, horat, horet, horit, horot
alapas, alapes, alapis, alapos, alapus, alapat, alapet, alapit, alapot, alaput, alapan, alapen, alapin, alapon, alapun, alapay, alapey, alapiy, alapoy, alapuy, alapar, alaper, alapir, alapor
damas, dames, damis, damos, damus, damar, damer, damir, damor, damur, damal, damel, damil, damol, damul, daman, damen, damin, damon, damun, damax, damex, damix, damox
genedal, genedel, genedil, genedol, genedul, geneda, genede, genedi, genedo, genedu, genedar, geneder, genedir, genedor, genedur, genedas, genedes, genedis, genedos, genedus, genedat, genedet, genedit, genedot
amena, amene, ameni, ameno, amenu, amenas, amenes, amenis, amenos, amenus, amenal, amenel, amenil, amenol, amenul, amenar, amener, amenir, amenor, amenur, amenay, ameney, amenoy, amenuy
baschay, baschey, baschiy, baschoy, baschuy, baschar, baschar, baschar, baschar, baschar, baschal, baschel, baschil, baschol, baschul, baschata, baschate, baschati, baschato, baschatu, baschas, basches, baschis, baschos
nas, nes, nis, nos, nus, nax, nex, nix, nox, nux, nal, nel, nil, nol, nul, nan, nen, nin, non, nun, nay, ney, noy, nuy
caman, camen, camin, camon, camun, camas, cames, camis, camos, camus, camal, camel, camil, camol, camul, camar, camer, camir, camor, camur, camat, camet, camit, camot
maracha, marache, marachi, maracho, marachu, marachat, marachet, marachit, marachot, marachut, marachal, marachel, marachil, marachol, marachul, marachas, maraches, marachis, marachos, marachus, marachai, marachei, marachii, marachoi
cobar, cober, cobir, cobor, cobur, cobal, cobel, cobil, cobol, cobul, coban, coben, cobin, cobon, cobun, cobas, cobes, cobis, cobos, cobus, cobai, cobei, cobii, coboi
fasan, fasen, fasin, fason, fasun, fasal, fasel, fasil, fasol, fasul, fasar, faser, fasir, fasor, fasur, fasat, faset, fasit, fasot, fasut, fasai, fasei, fasii, fasoi
pasa, pase, pasi, paso, pasu, pasan, pasen, pasin, pason, pasun, pasal, pasel, pasil, pasol, pasul, pasar, paser, pasir, pasor, pasur, pasai, pasei, pasii, pasoi
gomar, gomer, gomir, gomor, gomur, gomasa, gomase, gomasi, gomaso, gomasu, gomal, gomel, gomil, gomol, gomul, gomat, gomet, gomit, gomot, gomut, gomai, gomei, gomii, gomoi
